No.,Student ID,Student Name,Age,Email
1,21000,Alice Johnson,20,alice.johnson@gmail.com
2,21001,Bob Smith,22,bob.smith@gmail.com
3,21002,Charlie Brown,21,charlie.brown@gmail.com
4,21003,Diana Evans,19,diana.evans@gmail.com
5,21004,Ethan Lee,20,ethan.lee@gmail.com
6,21005,Fiona Green,21,fiona.green@gmail.com
7,21006,George Harris,22,george.harris@gmail.com
8,21007,Hannah Clark,20,hannah.clark@gmail.com
9,21008,Ian Walker,21,ian.walker@gmail.com
10,21009,Jenny Hall,19,jenny.hall@gmail.com
11,21010,Kevin Young,20,kevin.young@gmail.com
12,21011,Laura King,22,laura.king@gmail.com
14,21013,Nina Adams,20,nina.adams@gmail.com
15,21014,Oscar Brown,19,oscar.brown@gmail.com
16,21015,Paula Wilson,21,paula.wilson@gmail.com
17,21016,Quincy Harris,22,quincy.harris@gmail.com
18,21017,Rachel Green,20,rachel.green@gmail.com
19,21018,Steve White,21,steve.white@gmail.com
20,21019,Tina Moore,19,tina.moore@gmail.com
21,21020,Victor Taylor,20,victor.taylor@gmail.com
22,21021,Wendy Anderson,22,wendy.anderson@gmail.com
23,21022,Xander Thomas,21,xander.thomas@gmail.com
24,21023,Yara Martinez,20,yara.martinez@gmail.com
25,21024,Zack Robinson,19,zack.robinson@gmail.com
26,21025,Amy Lewis,21,amy.lewis@gmail.com
27,21026,Brian Hall,22,brian.hall@gmail.com
28,21027,Cathy Allen,20,cathy.allen@gmail.com
29,21028,David Young,21,david.young@gmail.com
30,21029,Emma Wright,19,emma.wright@gmail.com
31,21030,Frank Harris,20,frank.harris@gmail.com
32,21031,Grace Lee,22,grace.lee@gmail.com
33,21032,Henry Adams,21,henry.adams@gmail.com
34,21033,Ivy Brown,20,ivy.brown@gmail.com
35,21034,Jack Wilson,19,jack.wilson@gmail.com
36,21035,Kate Green,21,kate.green@gmail.com
37,21036,Luke Scott,22,luke.scott@gmail.com
38,21037,Mia Clark,20,mia.clark@gmail.com
39,21038,Nick Walker,21,nick.walker@gmail.com
40,21039,Olivia Hall,19,olivia.hall@gmail.com
41,21040,Peter Young,20,peter.young@gmail.com
42,21041,Quinn King,22,quinn.king@gmail.com
43,21042,Ryan Scott,21,ryan.scott@gmail.com
44,21043,Sara Adams,20,sara.adams@gmail.com
45,21044,Tom Brown,19,tom.brown@gmail.com
46,21045,Una Wilson,21,una.wilson@gmail.com
47,21046,Vince Harris,22,vince.harris@gmail.com
48,21047,Wendy Green,20,wendy.green@gmail.com
49,21048,Xander White,21,xander.white@gmail.com
50,21049,Yvonne Moore,19,yvonne.moore@gmail.com
51,21050,Zoe Taylor,20,zoe.taylor@gmail.com
52,21051,Adam Anderson,22,adam.anderson@gmail.com
53,21052,Bella Thomas,21,bella.thomas@gmail.com
54,21053,Chris Martinez,20,chris.martinez@gmail.com
55,21054,Dave Robinson,19,dave.robinson@gmail.com